InvoiceNo,StockCode,Description,Quantity,InvoiceDate,UnitPrice,CustomerID,Country
565865,22752,SET 7 BABUSHKA NESTING BOXES,2,9/7/2011 15:07,8.5,12637.0,France
565865,23201,JUMBO BAG ALPHABET,10,9/7/2011 15:07,2.08,12637.0,France
565865,21329,DINOSAURS  WRITING SET ,12,9/7/2011 15:07,1.65,12637.0,France
565865,21328,BALLOONS  WRITING SET ,12,9/7/2011 15:07,1.65,12637.0,France
565865,22551,PLASTERS IN TIN SPACEBOY,12,9/7/2011 15:07,1.65,12637.0,France
565865,23205,CHARLOTTE BAG VINTAGE ALPHABET ,10,9/7/2011 15:07,0.85,12637.0,France
565865,23207,LUNCH BAG ALPHABET DESIGN,10,9/7/2011 15:07,1.65,12637.0,France
565865,23190,BUNDLE OF 3 SCHOOL EXERCISE BOOKS  ,12,9/7/2011 15:07,1.65,12637.0,France
565865,23192,BUNDLE OF 3 ALPHABET EXERCISE BOOKS,12,9/7/2011 15:07,1.65,12637.0,France
565865,23241,TREASURE TIN GYMKHANA DESIGN,6,9/7/2011 15:07,2.08,12637.0,France
565865,23290,SPACEBOY CHILDRENS BOWL,8,9/7/2011 15:07,1.25,12637.0,France
565865,23256,CHILDRENS CUTLERY SPACEBOY ,4,9/7/2011 15:07,4.15,12637.0,France
565865,23229,VINTAGE DONKEY TAIL GAME ,6,9/7/2011 15:07,3.75,12637.0,France
565865,22382,LUNCH BAG SPACEBOY DESIGN ,10,9/7/2011 15:07,1.65,12637.0,France
565865,22385,JUMBO BAG SPACEBOY DESIGN,10,9/7/2011 15:07,2.08,12637.0,France
565865,22940,FELTCRAFT CHRISTMAS FAIRY,8,9/7/2011 15:07,4.25,12637.0,France
565865,22556,PLASTERS IN TIN CIRCUS PARADE ,24,9/7/2011 15:07,1.65,12637.0,France
565865,22631,CIRCUS PARADE LUNCH BOX ,12,9/7/2011 15:07,1.95,12637.0,France
565865,22531,MAGIC DRAWING SLATE CIRCUS PARADE  ,24,9/7/2011 15:07,0.42,12637.0,France
565865,22398,MAGNETS PACK OF 4 SWALLOWS,12,9/7/2011 15:07,0.39,12637.0,France
565865,22661,CHARLOTTE BAG DOLLY GIRL DESIGN,10,9/7/2011 15:07,0.85,12637.0,France
565865,22662,LUNCH BAG DOLLY GIRL DESIGN,10,9/7/2011 15:07,1.65,12637.0,France
565865,22663,JUMBO BAG DOLLY GIRL DESIGN,10,9/7/2011 15:07,2.08,12637.0,France
565865,22712,CARD DOLLY GIRL ,12,9/7/2011 15:07,0.42,12637.0,France
565865,23108,SET OF 10 LED DOLLY LIGHTS,12,9/7/2011 15:07,5.39,12637.0,France
565865,23254,CHILDRENS CUTLERY DOLLY GIRL ,4,9/7/2011 15:07,4.15,12637.0,France
565865,23291,DOLLY GIRL CHILDRENS CUP,8,9/7/2011 15:07,1.25,12637.0,France
565865,23345, DOLLY GIRL BEAKER,12,9/7/2011 15:07,1.25,12637.0,France
565865,23289,DOLLY GIRL CHILDRENS BOWL,8,9/7/2011 15:07,1.25,12637.0,France
565865,22492,MINI PAINT SET VINTAGE ,36,9/7/2011 15:07,0.65,12637.0,France
565865,22750,FELTCRAFT PRINCESS LOLA DOLL,8,9/7/2011 15:07,3.75,12637.0,France
565865,22659,LUNCH BOX I LOVE LONDON,12,9/7/2011 15:07,1.95,12637.0,France
565865,23347,I LOVE LONDON BEAKER,12,9/7/2011 15:07,1.25,12637.0,France
565865,23238,SET OF 4 KNICK KNACK TINS LONDON ,6,9/7/2011 15:07,4.15,12637.0,France
565865,22384,LUNCH BAG PINK POLKADOT,10,9/7/2011 15:07,1.65,12637.0,France
565865,22356,CHARLOTTE BAG PINK POLKADOT,10,9/7/2011 15:07,0.85,12637.0,France
565865,23173,REGENCY TEAPOT ROSES ,2,9/7/2011 15:07,9.95,12637.0,France
565865,23170,REGENCY TEA PLATE ROSES ,12,9/7/2011 15:07,1.65,12637.0,France
565865,22174,PHOTO CUBE,12,9/7/2011 15:07,1.65,12637.0,France
565865,22727,ALARM CLOCK BAKELIKE RED ,12,9/7/2011 15:07,3.75,12637.0,France
565865,22728,ALARM CLOCK BAKELIKE PINK,12,9/7/2011 15:07,3.75,12637.0,France
565865,22726,ALARM CLOCK BAKELIKE GREEN,12,9/7/2011 15:07,3.75,12637.0,France
565865,22729,ALARM CLOCK BAKELIKE ORANGE,8,9/7/2011 15:07,3.75,12637.0,France
565865,22730,ALARM CLOCK BAKELIKE IVORY,8,9/7/2011 15:07,3.75,12637.0,France
565865,84692,BOX OF 24 COCKTAIL PARASOLS,25,9/7/2011 15:07,0.42,12637.0,France
565865,20750,RED RETROSPOT MINI CASES,6,9/7/2011 15:07,7.95,12637.0,France
565865,20682,RED RETROSPOT CHILDRENS UMBRELLA,12,9/7/2011 15:07,3.25,12637.0,France
565865,20724,RED RETROSPOT CHARLOTTE BAG,10,9/7/2011 15:07,0.85,12637.0,France
565865,21094,SET/6 RED SPOTTY PAPER PLATES,12,9/7/2011 15:07,0.85,12637.0,France
565865,21080,SET/20 RED RETROSPOT PAPER NAPKINS ,12,9/7/2011 15:07,0.85,12637.0,France
565865,20979,36 PENCILS TUBE RED RETROSPOT,16,9/7/2011 15:07,1.25,12637.0,France
565865,21086,SET/6 RED SPOTTY PAPER CUPS,12,9/7/2011 15:07,0.65,12637.0,France
565865,21880,RED RETROSPOT TAPE,12,9/7/2011 15:07,0.65,12637.0,France
565865,22321,BIRD DECORATION RED RETROSPOT,12,9/7/2011 15:07,0.85,12637.0,France
565865,22352,LUNCH BOX WITH CUTLERY RETROSPOT ,6,9/7/2011 15:07,2.55,12637.0,France
565865,21558,SKULL LUNCH BOX WITH CUTLERY ,6,9/7/2011 15:07,2.55,12637.0,France
565865,22029,SPACEBOY BIRTHDAY CARD,12,9/7/2011 15:07,0.42,12637.0,France
565865,23209,LUNCH BAG VINTAGE DOILY ,10,9/7/2011 15:07,1.65,12637.0,France
565865,22326,ROUND SNACK BOXES SET OF4 WOODLAND ,6,9/7/2011 15:07,2.95,12637.0,France
565865,22554,PLASTERS IN TIN WOODLAND ANIMALS,12,9/7/2011 15:07,1.65,12637.0,France
565865,21680,WOODLAND  STICKERS,12,9/7/2011 15:07,0.85,12637.0,France
565870,POST,POSTAGE,1,9/7/2011 15:10,15.0,16828.0,United Kingdom
565877,22588,CARD HOLDER GINGHAM HEART,6,9/7/2011 15:13,2.89,15189.0,United Kingdom
565877,23197,SKETCHBOOK MAGNETIC SHOPPING LIST,96,9/7/2011 15:13,1.25,15189.0,United Kingdom
565877,22832,BROCANTE SHELF WITH HOOKS,2,9/7/2011 15:13,10.75,15189.0,United Kingdom
565877,23142,IVORY WIRE KITCHEN ORGANISER,1,9/7/2011 15:13,10.4,15189.0,United Kingdom
565877,23133,LARGE IVORY HEART WALL ORGANISER,4,9/7/2011 15:13,8.25,15189.0,United Kingdom
565877,22139,RETROSPOT TEA SET CERAMIC 11 PC ,24,9/7/2011 15:13,4.25,15189.0,United Kingdom
565901,85099B,JUMBO BAG RED RETROSPOT,100,9/7/2011 15:34,1.79,13798.0,United Kingdom
565901,85099C,JUMBO  BAG BAROQUE BLACK WHITE,100,9/7/2011 15:34,1.79,13798.0,United Kingdom
565901,20724,RED RETROSPOT CHARLOTTE BAG,100,9/7/2011 15:34,0.72,13798.0,United Kingdom
565901,20725,LUNCH BAG RED RETROSPOT,100,9/7/2011 15:34,1.45,13798.0,United Kingdom
565901,21936,RED RETROSPOT PICNIC BAG,50,9/7/2011 15:34,2.55,13798.0,United Kingdom
565901,82583,HOT BATHS METAL SIGN,72,9/7/2011 15:34,1.85,13798.0,United Kingdom
565901,85150,LADIES & GENTLEMEN METAL SIGN,48,9/7/2011 15:34,2.1,13798.0,United Kingdom
565901,21181,PLEASE ONE PERSON METAL SIGN,48,9/7/2011 15:34,1.85,13798.0,United Kingdom
565901,21169,YOU'RE CONFUSING ME METAL SIGN ,48,9/7/2011 15:34,1.45,13798.0,United Kingdom
565914,21326,AGED GLASS SILVER T-LIGHT HOLDER,144,9/7/2011 15:43,0.55,18093.0,United Kingdom
565914,85111,SILVER GLITTER FLOWER VOTIVE HOLDER,36,9/7/2011 15:43,0.29,18093.0,United Kingdom
565915,84792,ENCHANTED BIRD COATHANGER 5 HOOK,2,9/7/2011 15:52,4.65,15752.0,United Kingdom
565915,22212,FOUR HOOK  WHITE LOVEBIRDS,2,9/7/2011 15:52,2.1,15752.0,United Kingdom
565915,22173,METAL 4 HOOK HANGER FRENCH CHATEAU,2,9/7/2011 15:52,3.29,15752.0,United Kingdom
565915,23355,HOT WATER BOTTLE KEEP CALM,2,9/7/2011 15:52,4.95,15752.0,United Kingdom
565915,23153,ZINC SWEETHEART WIRE LETTER RACK,1,9/7/2011 15:52,3.75,15752.0,United Kingdom
565915,22575,METAL MERRY CHRISTMAS WREATH,5,9/7/2011 15:52,1.95,15752.0,United Kingdom
565915,21833,CAMOUFLAGE LED TORCH,6,9/7/2011 15:52,1.69,15752.0,United Kingdom
565915,22163,HEART STRING MEMO HOLDER HANGING,2,9/7/2011 15:52,2.95,15752.0,United Kingdom
565915,21914,BLUE HARMONICA IN BOX ,3,9/7/2011 15:52,1.25,15752.0,United Kingdom
565915,21915,RED  HARMONICA IN BOX ,3,9/7/2011 15:52,1.25,15752.0,United Kingdom
565915,23415,HOME SWEET HOME HOOK,5,9/7/2011 15:52,1.65,15752.0,United Kingdom
565915,23417,BATHROOM HOOK,6,9/7/2011 15:52,1.65,15752.0,United Kingdom
565915,22149,FELTCRAFT 6 FLOWER FRIENDS,2,9/7/2011 15:52,2.1,15752.0,United Kingdom
565915,22571,ROCKING HORSE RED CHRISTMAS ,5,9/7/2011 15:52,0.85,15752.0,United Kingdom
565915,22572,ROCKING HORSE GREEN CHRISTMAS ,5,9/7/2011 15:52,0.85,15752.0,United Kingdom
565915,22576,SWALLOW WOODEN CHRISTMAS DECORATION,5,9/7/2011 15:52,0.85,15752.0,United Kingdom
565915,23402,HOME SWEET HOME 3 PEG HANGER ,2,9/7/2011 15:52,3.75,15752.0,United Kingdom
565915,82494L,WOODEN FRAME ANTIQUE WHITE ,2,9/7/2011 15:52,2.95,15752.0,United Kingdom
565915,82482,WOODEN PICTURE FRAME WHITE FINISH,2,9/7/2011 15:52,2.95,15752.0,United Kingdom
565915,22632,HAND WARMER RED RETROSPOT,4,9/7/2011 15:52,2.1,15752.0,United Kingdom
565915,22865,HAND WARMER OWL DESIGN,5,9/7/2011 15:52,2.1,15752.0,United Kingdom
565915,22633,HAND WARMER UNION JACK,6,9/7/2011 15:52,2.1,15752.0,United Kingdom
565915,22867,HAND WARMER BIRD DESIGN,5,9/7/2011 15:52,2.1,15752.0,United Kingdom
565915,23439,HAND WARMER RED LOVE HEART,5,9/7/2011 15:52,2.1,15752.0,United Kingdom
565915,22866,HAND WARMER SCOTTY DOG DESIGN,5,9/7/2011 15:52,2.1,15752.0,United Kingdom
565915,22766,PHOTO FRAME CORNICE,2,9/7/2011 15:52,2.95,15752.0,United Kingdom
565915,22600,CHRISTMAS RETROSPOT STAR WOOD,10,9/7/2011 15:52,0.85,15752.0,United Kingdom
565915,22573,STAR WOODEN CHRISTMAS DECORATION,10,9/7/2011 15:52,0.85,15752.0,United Kingdom
565915,22574,HEART WOODEN CHRISTMAS DECORATION,10,9/7/2011 15:52,0.85,15752.0,United Kingdom
565915,21807,WHITE CHRISTMAS STAR DECORATION,10,9/7/2011 15:52,0.42,15752.0,United Kingdom
565915,22581,WOOD STOCKING CHRISTMAS SCANDISPOT,10,9/7/2011 15:52,0.85,15752.0,United Kingdom
565915,21801,CHRISTMAS TREE DECORATION WITH BELL,10,9/7/2011 15:52,0.42,15752.0,United Kingdom
565915,21803,CHRISTMAS TREE STAR DECORATION,10,9/7/2011 15:52,0.42,15752.0,United Kingdom
565915,21802,CHRISTMAS TREE HEART DECORATION,10,9/7/2011 15:52,0.42,15752.0,United Kingdom
565915,22601,CHRISTMAS RETROSPOT ANGEL WOOD,10,9/7/2011 15:52,0.85,15752.0,United Kingdom
565915,22603,CHRISTMAS RETROSPOT TREE WOOD,10,9/7/2011 15:52,0.85,15752.0,United Kingdom
565915,22602,RETROSPOT WOODEN HEART DECORATION,10,9/7/2011 15:52,0.85,15752.0,United Kingdom
565915,22551,PLASTERS IN TIN SPACEBOY,2,9/7/2011 15:52,1.65,15752.0,United Kingdom
565915,22553,PLASTERS IN TIN SKULLS,4,9/7/2011 15:52,1.65,15752.0,United Kingdom
565915,22080,RIBBON REEL POLKADOTS ,1,9/7/2011 15:52,1.65,15752.0,United Kingdom
565915,22082,RIBBON REEL STRIPES DESIGN ,1,9/7/2011 15:52,1.65,15752.0,United Kingdom
565915,22079,RIBBON REEL HEARTS DESIGN ,1,9/7/2011 15:52,1.65,15752.0,United Kingdom
565915,20974,12 PENCILS SMALL TUBE SKULL,4,9/7/2011 15:52,0.65,15752.0,United Kingdom
565915,22384,LUNCH BAG PINK POLKADOT,5,9/7/2011 15:52,1.65,15752.0,United Kingdom
565915,20728,LUNCH BAG CARS BLUE,5,9/7/2011 15:52,1.65,15752.0,United Kingdom
565915,23206,LUNCH BAG APPLE DESIGN,5,9/7/2011 15:52,1.65,15752.0,United Kingdom
565915,23208,LUNCH BAG VINTAGE LEAF DESIGN,5,9/7/2011 15:52,1.65,15752.0,United Kingdom
565915,20725,LUNCH BAG RED RETROSPOT,5,9/7/2011 15:52,1.65,15752.0,United Kingdom
565915,23209,LUNCH BAG VINTAGE DOILY ,8,9/7/2011 15:52,1.65,15752.0,United Kingdom
565915,20727,LUNCH BAG  BLACK SKULL.,5,9/7/2011 15:52,1.65,15752.0,United Kingdom
565915,22356,CHARLOTTE BAG PINK POLKADOT,5,9/7/2011 15:52,0.85,15752.0,United Kingdom
565915,23204,CHARLOTTE BAG APPLES DESIGN,5,9/7/2011 15:52,0.85,15752.0,United Kingdom
565915,20724,RED RETROSPOT CHARLOTTE BAG,5,9/7/2011 15:52,0.85,15752.0,United Kingdom
565915,20719,WOODLAND CHARLOTTE BAG,5,9/7/2011 15:52,0.85,15752.0,United Kingdom
565915,22355,CHARLOTTE BAG SUKI DESIGN,5,9/7/2011 15:52,0.85,15752.0,United Kingdom
565915,20723,STRAWBERRY CHARLOTTE BAG,5,9/7/2011 15:52,0.85,15752.0,United Kingdom
565915,23205,CHARLOTTE BAG VINTAGE ALPHABET ,5,9/7/2011 15:52,0.85,15752.0,United Kingdom
565915,85099C,JUMBO  BAG BAROQUE BLACK WHITE,5,9/7/2011 15:52,2.08,15752.0,United Kingdom
565915,21929,JUMBO BAG PINK VINTAGE PAISLEY,5,9/7/2011 15:52,2.08,15752.0,United Kingdom
565915,85099F,JUMBO BAG STRAWBERRY,5,9/7/2011 15:52,2.08,15752.0,United Kingdom
565915,23202,JUMBO BAG VINTAGE LEAF,5,9/7/2011 15:52,2.08,15752.0,United Kingdom
565915,85099B,JUMBO BAG RED RETROSPOT,5,9/7/2011 15:52,2.08,15752.0,United Kingdom
565915,21930,JUMBO STORAGE BAG SKULLS,5,9/7/2011 15:52,2.08,15752.0,United Kingdom
565915,22386,JUMBO BAG PINK POLKADOT,5,9/7/2011 15:52,2.08,15752.0,United Kingdom
565915,23199,JUMBO BAG APPLES,5,9/7/2011 15:52,2.08,15752.0,United Kingdom
565915,23203,JUMBO BAG VINTAGE DOILY ,5,9/7/2011 15:52,2.08,15752.0,United Kingdom
565915,23200,JUMBO BAG PEARS,5,9/7/2011 15:52,2.08,15752.0,United Kingdom
565916,23396,LA JARDIN BOTANIQUE CUSHION COVER,4,9/7/2011 16:00,3.75,14156.0,EIRE
565916,46000S,POLYESTER FILLER PAD 40x40cm,8,9/7/2011 16:00,1.45,14156.0,EIRE
565916,23393,HOME SWEET HOME CUSHION COVER ,4,9/7/2011 16:00,3.75,14156.0,EIRE
565916,21003,ROSE DU SUD CUSHION COVER,2,9/7/2011 16:00,6.35,14156.0,EIRE
565916,22487,WHITE WOOD GARDEN PLANT LADDER,1,9/7/2011 16:00,9.95,14156.0,EIRE
565916,23413,VINTAGE COFFEE GRINDER BOX,3,9/7/2011 16:00,4.95,14156.0,EIRE
565916,23409,PHOTO FRAME LINEN AND LACE LARGE,6,9/7/2011 16:00,3.75,14156.0,EIRE
565916,23298,SPOTTY BUNTING,3,9/7/2011 16:00,4.95,14156.0,EIRE
565916,47566,PARTY BUNTING,4,9/7/2011 16:00,4.95,14156.0,EIRE
565916,23290,SPACEBOY CHILDRENS BOWL,8,9/7/2011 16:00,1.25,14156.0,EIRE
565916,23289,DOLLY GIRL CHILDRENS BOWL,8,9/7/2011 16:00,1.25,14156.0,EIRE
565916,23291,DOLLY GIRL CHILDRENS CUP,8,9/7/2011 16:00,1.25,14156.0,EIRE
565916,23293,SET OF 12 FAIRY CAKE BAKING CASES,8,9/7/2011 16:00,0.83,14156.0,EIRE
565916,23294,SET OF 6 SNACK LOAF BAKING CASES,8,9/7/2011 16:00,0.83,14156.0,EIRE
565916,23295,SET OF 12 MINI LOAF BAKING CASES,8,9/7/2011 16:00,0.83,14156.0,EIRE
565916,23316,RED REFECTORY CLOCK ,2,9/7/2011 16:00,9.95,14156.0,EIRE
565916,23321,SMALL WHITE HEART OF WICKER,12,9/7/2011 16:00,1.65,14156.0,EIRE
565916,23325,RUSTIC STRAWBERRY JAM POT SMALL,12,9/7/2011 16:00,1.65,14156.0,EIRE
565916,23328,SET 6 SCHOOL MILK BOTTLES IN CRATE,4,9/7/2011 16:00,3.75,14156.0,EIRE
565916,23350,ROLL WRAP VINTAGE SPOT ,12,9/7/2011 16:00,1.25,14156.0,EIRE
565916,22697,GREEN REGENCY TEACUP AND SAUCER,6,9/7/2011 16:00,2.95,14156.0,EIRE
565916,22698,PINK REGENCY TEACUP AND SAUCER,6,9/7/2011 16:00,2.95,14156.0,EIRE
565916,23173,REGENCY TEAPOT ROSES ,2,9/7/2011 16:00,9.95,14156.0,EIRE
565916,23348,CHILDRENS TOY COOKING UTENSIL SET,6,9/7/2011 16:00,2.08,14156.0,EIRE
565916,23355,HOT WATER BOTTLE KEEP CALM,4,9/7/2011 16:00,4.95,14156.0,EIRE
565916,21704,BAG 250g SWIRLY MARBLES,12,9/7/2011 16:00,0.85,14156.0,EIRE
565916,22699,ROSES REGENCY TEACUP AND SAUCER ,12,9/7/2011 16:00,2.95,14156.0,EIRE
565916,85053,FRENCH ENAMEL CANDLEHOLDER,6,9/7/2011 16:00,2.1,14156.0,EIRE
565916,23397,FOOT STOOL HOME SWEET HOME ,2,9/7/2011 16:00,9.95,14156.0,EIRE
565916,C2,CARRIAGE,1,9/7/2011 16:00,50.0,14156.0,EIRE
565916,23175,REGENCY MILK JUG PINK ,4,9/7/2011 16:00,3.25,14156.0,EIRE
565917,21261,GREEN GOOSE FEATHER CHRISTMAS TREE ,1,9/7/2011 16:15,7.46,,United Kingdom
565917,21263,GREEN GOOSE FEATHER TREE 60CM,1,9/7/2011 16:15,5.79,,United Kingdom
565917,21314,SMALL GLASS HEART TRINKET POT,2,9/7/2011 16:15,4.13,,United Kingdom
565917,21352,EUCALYPTUS & PINECONE  WREATH,1,9/7/2011 16:15,5.79,,United Kingdom
565917,21356,TOAST ITS - FAIRY FLOWER,1,9/7/2011 16:15,0.83,,United Kingdom
565917,21380,WOODEN HAPPY BIRTHDAY GARLAND,1,9/7/2011 16:15,5.79,,United Kingdom
565917,21381,MINI WOODEN HAPPY BIRTHDAY GARLAND,1,9/7/2011 16:15,3.29,,United Kingdom
565917,21471,STRAWBERRY RAFFIA FOOD COVER,1,9/7/2011 16:15,3.29,,United Kingdom
565917,21494,ROTATING LEAVES T-LIGHT HOLDER,2,9/7/2011 16:15,2.46,,United Kingdom
565917,21507,ELEPHANT BIRTHDAY CARD ,1,9/7/2011 16:15,0.83,,United Kingdom
565917,21523,DOORMAT FANCY FONT HOME SWEET HOME,1,9/7/2011 16:15,15.79,,United Kingdom
565917,21528,DAIRY MAID TRADITIONAL TEAPOT ,1,9/7/2011 16:15,13.29,,United Kingdom
565917,21530,DAIRY MAID TOASTRACK,1,9/7/2011 16:15,3.29,,United Kingdom
565917,21534,DAIRY MAID LARGE MILK JUG,1,9/7/2011 16:15,9.96,,United Kingdom
565917,21558,SKULL LUNCH BOX WITH CUTLERY ,1,9/7/2011 16:15,4.96,,United Kingdom
565917,21561,DINOSAUR LUNCH BOX WITH CUTLERY,1,9/7/2011 16:15,4.96,,United Kingdom
565917,21643,ASSORTED TUTTI FRUTTI MIRROR,1,9/7/2011 16:15,2.46,,United Kingdom
565917,21773,DECORATIVE ROSE BATHROOM BOTTLE,1,9/7/2011 16:15,2.46,,United Kingdom
565917,21832,CHOCOLATE CALCULATOR,1,9/7/2011 16:15,3.29,,United Kingdom
565917,21866,UNION JACK FLAG LUGGAGE TAG,1,9/7/2011 16:15,2.46,,United Kingdom
565917,21867,PINK UNION JACK  LUGGAGE TAG,1,9/7/2011 16:15,2.46,,United Kingdom
565917,21876,POTTERING MUG,1,9/7/2011 16:15,3.29,,United Kingdom
565917,21880,RED RETROSPOT TAPE,1,9/7/2011 16:15,0.42,,United Kingdom
565917,21889,WOODEN BOX OF DOMINOES,1,9/7/2011 16:15,2.46,,United Kingdom
565917,21908,CHOCOLATE THIS WAY METAL SIGN,2,9/7/2011 16:15,4.13,,United Kingdom
565917,21912,VINTAGE SNAKES & LADDERS,1,9/7/2011 16:15,7.46,,United Kingdom
565917,21917,SET 12 KIDS  WHITE CHALK STICKS,1,9/7/2011 16:15,0.83,,United Kingdom
565917,21918,SET 12 KIDS COLOUR  CHALK STICKS,1,9/7/2011 16:15,0.83,,United Kingdom
565917,21930,JUMBO STORAGE BAG SKULLS,1,9/7/2011 16:15,4.13,,United Kingdom
565917,21931,JUMBO STORAGE BAG SUKI,1,9/7/2011 16:15,4.13,,United Kingdom
565917,21932,SCANDINAVIAN PAISLEY PICNIC BAG,1,9/7/2011 16:15,2.46,,United Kingdom
565917,21933,PINK VINTAGE PAISLEY PICNIC BAG,1,9/7/2011 16:15,2.46,,United Kingdom
565917,21934,SKULL SHOULDER BAG,4,9/7/2011 16:15,1.63,,United Kingdom
565917,21935,SUKI  SHOULDER BAG,6,9/7/2011 16:15,1.63,,United Kingdom
565917,21984,PACK OF 12 PINK PAISLEY TISSUES ,1,9/7/2011 16:15,0.83,,United Kingdom
565917,21990,MODERN FLORAL STATIONERY SET,1,9/7/2011 16:15,2.46,,United Kingdom
565917,21991,BOHEMIAN COLLAGE STATIONERY SET,1,9/7/2011 16:15,2.46,,United Kingdom
565917,21993,FLORAL FOLK STATIONERY SET,1,9/7/2011 16:15,2.46,,United Kingdom
565917,22064,PINK DOUGHNUT TRINKET POT ,2,9/7/2011 16:15,3.29,,United Kingdom
565917,22074,6 RIBBONS SHIMMERING PINKS ,1,9/7/2011 16:15,1.25,,United Kingdom
565917,22076,6 RIBBONS EMPIRE  ,1,9/7/2011 16:15,1.25,,United Kingdom
565917,22083,PAPER CHAIN KIT RETROSPOT,1,9/7/2011 16:15,5.79,,United Kingdom
565917,22086,PAPER CHAIN KIT 50'S CHRISTMAS ,1,9/7/2011 16:15,5.79,,United Kingdom
565917,22090,PAPER BUNTING RETROSPOT,1,9/7/2011 16:15,5.79,,United Kingdom
565917,22094,RED RETROSPOT TISSUE BOX,1,9/7/2011 16:15,2.46,,United Kingdom
565917,22104,MIRROR MOSAIC CANDLE PLATE,20,9/7/2011 16:15,1.63,,United Kingdom
565917,22107,PIZZA PLATE IN BOX,1,9/7/2011 16:15,3.29,,United Kingdom
565917,22109,FULL ENGLISH BREAKFAST PLATE,1,9/7/2011 16:15,7.46,,United Kingdom
565917,22154,ANGEL DECORATION 3 BUTTONS ,2,9/7/2011 16:15,0.83,,United Kingdom
565917,22167, OVAL WALL MIRROR DIAMANTE ,1,9/7/2011 16:15,8.29,,United Kingdom
565917,22173,METAL 4 HOOK HANGER FRENCH CHATEAU,1,9/7/2011 16:15,5.79,,United Kingdom
565917,22178,VICTORIAN GLASS HANGING T-LIGHT,2,9/7/2011 16:15,2.46,,United Kingdom
565917,22196,SMALL HEART MEASURING SPOONS,1,9/7/2011 16:15,1.63,,United Kingdom
565917,22200,FRYING PAN PINK POLKADOT,1,9/7/2011 16:15,8.29,,United Kingdom
565917,22207,FRYING PAN UNION FLAG,1,9/7/2011 16:15,8.29,,United Kingdom
565917,22328,ROUND SNACK BOXES SET OF 4 FRUITS ,2,9/7/2011 16:15,5.79,,United Kingdom
565917,22350,ILLUSTRATED CAT BOWL ,1,9/7/2011 16:15,4.96,,United Kingdom
565917,22352,LUNCH BOX WITH CUTLERY RETROSPOT ,1,9/7/2011 16:15,4.96,,United Kingdom
565917,22362,GLASS JAR PEACOCK BATH SALTS,1,9/7/2011 16:15,5.79,,United Kingdom
565917,22364,GLASS JAR DIGESTIVE BISCUITS,6,9/7/2011 16:15,5.79,,United Kingdom
565917,22379,RECYCLING BAG RETROSPOT ,1,9/7/2011 16:15,4.13,,United Kingdom
565917,22398,MAGNETS PACK OF 4 SWALLOWS,1,9/7/2011 16:15,2.46,,United Kingdom
565917,22414,DOORMAT NEIGHBOURHOOD WITCH ,1,9/7/2011 16:15,15.79,,United Kingdom
565917,22418,10 COLOUR SPACEBOY PEN,1,9/7/2011 16:15,1.63,,United Kingdom
565917,22420,LIPSTICK PEN BABY PINK,4,9/7/2011 16:15,0.83,,United Kingdom
565917,22422,TOOTHPASTE TUBE PEN,4,9/7/2011 16:15,1.25,,United Kingdom
565917,22424,ENAMEL BREAD BIN CREAM,1,9/7/2011 16:15,24.96,,United Kingdom
565917,22449,SILK PURSE BABUSHKA PINK,1,9/7/2011 16:15,2.46,,United Kingdom
565917,22452,MEASURING TAPE BABUSHKA PINK,4,9/7/2011 16:15,1.63,,United Kingdom
565917,22456,NATURAL SLATE CHALKBOARD LARGE ,2,9/7/2011 16:15,9.96,,United Kingdom
565917,22471,TV DINNER TRAY AIR HOSTESS ,1,9/7/2011 16:15,10.79,,United Kingdom
565917,22476,EMPIRE UNION JACK TV DINNER TRAY,1,9/7/2011 16:15,10.79,,United Kingdom
565917,22505,MEMO BOARD COTTAGE DESIGN,1,9/7/2011 16:15,10.79,,United Kingdom
565917,22530,MAGIC DRAWING SLATE DOLLY GIRL ,4,9/7/2011 16:15,0.83,,United Kingdom
565917,22534,MAGIC DRAWING SLATE SPACEBOY ,4,9/7/2011 16:15,0.83,,United Kingdom
565917,22553,PLASTERS IN TIN SKULLS,1,9/7/2011 16:15,3.29,,United Kingdom
565917,22557,PLASTERS IN TIN VINTAGE PAISLEY ,1,9/7/2011 16:15,3.29,,United Kingdom
565917,22563,HAPPY STENCIL CRAFT,1,9/7/2011 16:15,2.46,,United Kingdom
565917,22573,STAR WOODEN CHRISTMAS DECORATION,2,9/7/2011 16:15,1.63,,United Kingdom
565917,22578,WOODEN STAR CHRISTMAS SCANDINAVIAN,1,9/7/2011 16:15,1.63,,United Kingdom
565917,22581,WOOD STOCKING CHRISTMAS SCANDISPOT,1,9/7/2011 16:15,1.63,,United Kingdom
565917,22608,PENS ASSORTED FUNKY JEWELED ,2,9/7/2011 16:15,0.42,,United Kingdom
565917,22619,SET OF 6 SOLDIER SKITTLES,1,9/7/2011 16:15,7.46,,United Kingdom
565917,22627,MINT KITCHEN SCALES,1,9/7/2011 16:15,16.63,,United Kingdom
565917,22653,BUTTON BOX ,5,9/7/2011 16:15,1.63,,United Kingdom
565917,22659,LUNCH BOX I LOVE LONDON,1,9/7/2011 16:15,4.13,,United Kingdom
565917,22663,JUMBO BAG DOLLY GIRL DESIGN,1,9/7/2011 16:15,4.13,,United Kingdom
565917,22666,RECIPE BOX PANTRY YELLOW DESIGN,1,9/7/2011 16:15,5.79,,United Kingdom
565917,22687,DOORMAT CHRISTMAS VILLAGE,1,9/7/2011 16:15,16.63,,United Kingdom
565917,22691,DOORMAT WELCOME SUNRISE,1,9/7/2011 16:15,15.79,,United Kingdom
565917,22697,GREEN REGENCY TEACUP AND SAUCER,2,9/7/2011 16:15,5.79,,United Kingdom
565917,22720,SET OF 3 CAKE TINS PANTRY DESIGN ,2,9/7/2011 16:15,10.79,,United Kingdom
565917,22728,ALARM CLOCK BAKELIKE PINK,1,9/7/2011 16:15,7.46,,United Kingdom
565917,22748,POPPY'S PLAYHOUSE KITCHEN,1,9/7/2011 16:15,4.13,,United Kingdom
565917,22771,CLEAR DRAWER KNOB ACRYLIC EDWARDIAN,8,9/7/2011 16:15,2.46,,United Kingdom
565917,22792,FLUTED ANTIQUE CANDLE HOLDER,16,9/7/2011 16:15,1.63,,United Kingdom
565917,22795,SWEETHEART RECIPE BOOK STAND,1,9/7/2011 16:15,13.29,,United Kingdom
565917,22816,CARD MOTORBIKE SANTA,3,9/7/2011 16:15,0.83,,United Kingdom
565917,22818,CARD CHRISTMAS VILLAGE,3,9/7/2011 16:15,0.83,,United Kingdom
565917,22844,VINTAGE CREAM DOG FOOD CONTAINER,1,9/7/2011 16:15,16.63,,United Kingdom
565917,22867,HAND WARMER BIRD DESIGN,1,9/7/2011 16:15,4.13,,United Kingdom
565917,22895,SET OF 2 TEA TOWELS APPLE AND PEARS,3,9/7/2011 16:15,6.63,,United Kingdom
565917,22898,CHILDRENS APRON APPLES DESIGN,2,9/7/2011 16:15,4.13,,United Kingdom
565917,22914,BLUE COAT RACK PARIS FASHION,1,9/7/2011 16:15,10.79,,United Kingdom
565917,22939,ADULT APRON APPLE DELIGHT,1,9/7/2011 16:15,10.79,,United Kingdom
565917,22960,JAM MAKING SET WITH JARS,2,9/7/2011 16:15,8.29,,United Kingdom
565917,22961,JAM MAKING SET PRINTED,1,9/7/2011 16:15,3.29,,United Kingdom
565917,22963,JAM JAR WITH GREEN LID,1,9/7/2011 16:15,1.63,,United Kingdom
565917,22983,CARD BILLBOARD FONT,1,9/7/2011 16:15,0.83,,United Kingdom
565917,22988,SOLDIERS EGG CUP ,4,9/7/2011 16:15,2.46,,United Kingdom
565917,22993,SET OF 4 PANTRY JELLY MOULDS,3,9/7/2011 16:15,2.46,,United Kingdom
565917,22995,TRAVEL CARD WALLET SUKI,1,9/7/2011 16:15,0.83,,United Kingdom
565917,22998,TRAVEL CARD WALLET KEEP CALM,1,9/7/2011 16:15,0.83,,United Kingdom
565917,22999,TRAVEL CARD WALLET VINTAGE LEAF,1,9/7/2011 16:15,0.83,,United Kingdom
565917,23002,TRAVEL CARD WALLET SKULLS,1,9/7/2011 16:15,0.83,,United Kingdom
565917,23004,TRAVEL CARD WALLET PANTRY,1,9/7/2011 16:15,0.83,,United Kingdom
565917,23052,RECYCLED ACAPULCO MAT TURQUOISE,2,9/7/2011 16:15,16.63,,United Kingdom
565917,23082,SET 6 PAPER TABLE LANTERN HEARTS ,1,9/7/2011 16:15,7.46,,United Kingdom
565917,23084,RABBIT NIGHT LIGHT,1,9/7/2011 16:15,4.13,,United Kingdom
565917,23089,GLASS BON BON JAR,1,9/7/2011 16:15,3.29,,United Kingdom
565917,23112,PARISIENNE CURIO CABINET,1,9/7/2011 16:15,14.96,,United Kingdom
565917,23118,PARISIENNE JEWELLERY DRAWER ,1,9/7/2011 16:15,14.96,,United Kingdom
565917,23144,ZINC T-LIGHT HOLDER STARS SMALL,2,9/7/2011 16:15,1.63,,United Kingdom
565917,23145,ZINC T-LIGHT HOLDER STAR LARGE,2,9/7/2011 16:15,2.08,,United Kingdom
565917,23164,REGENCY CAKE SLICE,1,9/7/2011 16:15,9.96,,United Kingdom
565917,23165,LARGE CERAMIC TOP STORAGE JAR,1,9/7/2011 16:15,3.29,,United Kingdom
565917,23181,BULL DOG BOTTLE TOP WALL CLOCK,1,9/7/2011 16:15,16.63,,United Kingdom
565917,23191,BUNDLE OF 3 RETRO NOTE BOOKS,1,9/7/2011 16:15,3.29,,United Kingdom
565917,23200,JUMBO BAG PEARS,3,9/7/2011 16:15,4.13,,United Kingdom
565917,23201,JUMBO BAG ALPHABET,3,9/7/2011 16:15,4.13,,United Kingdom
565917,23202,JUMBO BAG VINTAGE LEAF,1,9/7/2011 16:15,4.13,,United Kingdom
565917,23204,CHARLOTTE BAG APPLES DESIGN,1,9/7/2011 16:15,1.63,,United Kingdom
565917,23205,CHARLOTTE BAG VINTAGE ALPHABET ,1,9/7/2011 16:15,1.63,,United Kingdom
565917,23206,LUNCH BAG APPLE DESIGN,11,9/7/2011 16:15,2.46,,United Kingdom
565917,23209,LUNCH BAG VINTAGE DOILY ,2,9/7/2011 16:15,4.13,,United Kingdom
565917,23211,RED ROCKING HORSE HAND PAINTED,1,9/7/2011 16:15,2.46,,United Kingdom
565917,23226,FILIGREE HEART DAISY WHITE,3,9/7/2011 16:15,2.46,,United Kingdom
565917,23245,SET OF 3 REGENCY CAKE TINS,2,9/7/2011 16:15,10.79,,United Kingdom
565917,23247,BISCUIT TIN 50'S CHRISTMAS,1,9/7/2011 16:15,5.79,,United Kingdom
565917,23263,SET OF 3 WOODEN HEART DECORATIONS,1,9/7/2011 16:15,2.46,,United Kingdom
565917,23273,HEART T-LIGHT HOLDER WILLIE WINKIE,1,9/7/2011 16:15,3.29,,United Kingdom
565917,23295,SET OF 12 MINI LOAF BAKING CASES,1,9/7/2011 16:15,2.46,,United Kingdom
565917,23297,SET 40 HEART SHAPE PETIT FOUR CASES,1,9/7/2011 16:15,3.29,,United Kingdom
565917,23298,SPOTTY BUNTING,7,9/7/2011 16:15,4.95,,United Kingdom
565917,23307,SET OF 60 PANTRY DESIGN CAKE CASES ,1,9/7/2011 16:15,1.25,,United Kingdom
565917,23317,BLUE REFECTORY CLOCK ,1,9/7/2011 16:15,19.96,,United Kingdom
565917,23322,LARGE WHITE HEART OF WICKER,2,9/7/2011 16:15,5.79,,United Kingdom
565917,23326,HANGING MINI COLOURED BOTTLES,2,9/7/2011 16:15,8.29,,United Kingdom
565917,23328,SET 6 SCHOOL MILK BOTTLES IN CRATE,3,9/7/2011 16:15,7.46,,United Kingdom
565917,23330,DECORATIVE WICKER HEART MEDIUM,1,9/7/2011 16:15,2.46,,United Kingdom
565917,23344,JUMBO BAG 50'S CHRISTMAS ,1,9/7/2011 16:15,4.13,,United Kingdom
565917,23355,HOT WATER BOTTLE KEEP CALM,1,9/7/2011 16:15,10.79,,United Kingdom
565917,23395,BELLE JARDINIERE CUSHION COVER,1,9/7/2011 16:15,10.79,,United Kingdom
565917,23399,HOME SWEET HOME HANGING HEART,6,9/7/2011 16:15,2.08,,United Kingdom
565917,23640,SET 10 CARDS SCOTTIE DOG 17211,1,9/7/2011 16:15,2.49,,United Kingdom
565917,35599D,PINK AND WHITE CHRISTMAS TREE 120CM,1,9/7/2011 16:15,5.79,,United Kingdom
565917,35970,ZINC FOLKART SLEIGH BELLS,1,9/7/2011 16:15,4.13,,United Kingdom
565917,37500,TEA TIME TEAPOT IN GIFT BOX,1,9/7/2011 16:15,8.29,,United Kingdom
565917,46776B,WOVEN BERRIES CUSHION COVER ,1,9/7/2011 16:15,4.13,,United Kingdom
565917,46776C,WOVEN FROST CUSHION COVER,2,9/7/2011 16:15,4.13,,United Kingdom
565917,46776F,WOVEN ROSE GARDEN CUSHION COVER ,1,9/7/2011 16:15,4.13,,United Kingdom
565917,47310M,SMALL POP BOX FUNKY MONKEY,2,9/7/2011 16:15,1.63,,United Kingdom
565917,47590A,BLUE HAPPY BIRTHDAY BUNTING,1,9/7/2011 16:15,10.79,,United Kingdom
565917,47593B,SCOTTIE DOGS BABY BIB,1,9/7/2011 16:15,0.83,,United Kingdom
565917,71403,"PINK/WHITE ""KEEP CLEAN"" BULLET BIN",2,9/7/2011 16:15,5.79,,United Kingdom
565917,72817,SET OF 2 CHRISTMAS DECOUPAGE CANDLE,2,9/7/2011 16:15,1.63,,United Kingdom
565917,84032A,CHARLIE+LOLA PINK HOT WATER BOTTLE,1,9/7/2011 16:15,3.29,,United Kingdom
565917,84536B,FAIRY CAKES NOTEBOOK A7 SIZE,1,9/7/2011 16:15,0.83,,United Kingdom
565917,84569D,PACK 6 HEART/ICE-CREAM PATCHES,1,9/7/2011 16:15,2.46,,United Kingdom
565917,84637,KITCHEN FLOWER POTS WALL PLAQUE,2,9/7/2011 16:15,4.96,,United Kingdom
565917,84755,COLOUR GLASS T-LIGHT HOLDER HANGING,16,9/7/2011 16:15,1.24,,United Kingdom
565917,84832,ZINC WILLIE WINKIE  CANDLE STICK,4,9/7/2011 16:15,1.63,,United Kingdom
565917,84946,ANTIQUE SILVER T-LIGHT GLASS,3,9/7/2011 16:15,2.46,,United Kingdom
565917,84949,SILVER HANGING T-LIGHT HOLDER,2,9/7/2011 16:15,3.29,,United Kingdom
565917,84968F,SET OF 16 VINTAGE SKY BLUE CUTLERY,1,9/7/2011 16:15,24.96,,United Kingdom
565917,84970L,SINGLE HEART ZINC T-LIGHT HOLDER,2,9/7/2011 16:15,2.08,,United Kingdom
565917,84970S,HANGING HEART ZINC T-LIGHT HOLDER,2,9/7/2011 16:15,2.08,,United Kingdom
565917,85039B,S/4 IVORY MINI ROSE CANDLE IN BOWL,2,9/7/2011 16:15,1.63,,United Kingdom
565917,85049H,URBAN BLACK RIBBONS ,1,9/7/2011 16:15,0.83,,United Kingdom
565917,85099B,JUMBO BAG RED RETROSPOT,1,9/7/2011 16:15,4.13,,United Kingdom
565917,85099C,JUMBO  BAG BAROQUE BLACK WHITE,2,9/7/2011 16:15,4.13,,United Kingdom
565917,85099F,JUMBO BAG STRAWBERRY,1,9/7/2011 16:15,4.13,,United Kingdom
565917,85131D,BEADED CRYSTAL HEART PINK ON STICK,1,9/7/2011 16:15,0.83,,United Kingdom
565917,85152,HAND OVER THE CHOCOLATE   SIGN ,2,9/7/2011 16:15,4.13,,United Kingdom
565917,85183A,CHARLIE & LOLA WASTEPAPER BIN BLUE,1,9/7/2011 16:15,7.46,,United Kingdom
565917,90013A,MIDNIGHT BLUE VINTAGE EARRINGS,1,9/7/2011 16:15,3.73,,United Kingdom
565917,90077,BLACK DIAMOND CLUSTER EARRINGS,1,9/7/2011 16:15,2.9,,United Kingdom
565917,90144,SILVER DROP EARRINGS WITH FLOWER,1,9/7/2011 16:15,3.73,,United Kingdom
565917,90198B,VINTAGE ROSE BEAD BRACELET BLACK,1,9/7/2011 16:15,4.15,,United Kingdom
565917,DOT,DOTCOM POSTAGE,1,9/7/2011 16:15,211.86,,United Kingdom
565917,15058A,BLUE POLKADOT GARDEN PARASOL,2,9/7/2011 16:15,10.79,,United Kingdom
565917,20711,JUMBO BAG TOYS ,1,9/7/2011 16:15,4.13,,United Kingdom
565917,20712,JUMBO BAG WOODLAND ANIMALS,2,9/7/2011 16:15,4.13,,United Kingdom
565917,20713,JUMBO BAG OWLS,1,9/7/2011 16:15,4.13,,United Kingdom
565917,20724,RED RETROSPOT CHARLOTTE BAG,1,9/7/2011 16:15,1.63,,United Kingdom
565917,20725,LUNCH BAG RED RETROSPOT,3,9/7/2011 16:15,4.13,,United Kingdom
565917,20727,LUNCH BAG  BLACK SKULL.,3,9/7/2011 16:15,4.13,,United Kingdom
565917,20774,GREEN FERN NOTEBOOK,1,9/7/2011 16:15,1.63,,United Kingdom
565917,20839,FRENCH PAISLEY CUSHION COVER ,4,9/7/2011 16:15,3.29,,United Kingdom
565917,20914,SET/5 RED RETROSPOT LID GLASS BOWLS,1,9/7/2011 16:15,5.79,,United Kingdom
565917,20963,APPLE BATH SPONGE,1,9/7/2011 16:15,2.46,,United Kingdom
565917,21080,SET/20 RED RETROSPOT PAPER NAPKINS ,2,9/7/2011 16:15,1.63,,United Kingdom
565917,21094,SET/6 RED SPOTTY PAPER PLATES,5,9/7/2011 16:15,0.83,,United Kingdom
565917,21108,FAIRY CAKE FLANNEL ASSORTED COLOUR,1,9/7/2011 16:15,4.96,,United Kingdom
565917,21125,SET 6 FOOTBALL CELEBRATION CANDLES,2,9/7/2011 16:15,1.25,,United Kingdom
565917,21126,SET OF 6 GIRLS CELEBRATION CANDLES,3,9/7/2011 16:15,1.25,,United Kingdom
565917,21165,BEWARE OF THE CAT METAL SIGN ,1,9/7/2011 16:15,4.13,,United Kingdom
565917,21172,PARTY METAL SIGN ,2,9/7/2011 16:15,4.13,,United Kingdom
565917,21174,POTTERING IN THE SHED METAL SIGN,1,9/7/2011 16:15,4.13,,United Kingdom
565917,21232,STRAWBERRY CERAMIC TRINKET BOX,1,9/7/2011 16:15,2.46,,United Kingdom
565917,21253,SET OF PICTURE FRAME  STICKERS,1,9/7/2011 16:15,5.79,,United Kingdom
565917,23013,GLASS APOTHECARY BOTTLE TONIC,1,9/7/2011 16:15,3.95,,United Kingdom
565917,23012,GLASS APOTHECARY BOTTLE PERFUME,1,9/7/2011 16:15,3.95,,United Kingdom
565917,23014,GLASS APOTHECARY BOTTLE ELIXIR,1,9/7/2011 16:15,3.95,,United Kingdom
565917,22663,JUMBO BAG DOLLY GIRL DESIGN,4,9/7/2011 16:15,2.08,,United Kingdom
565917,21385,IVORY HANGING DECORATION  HEART,7,9/7/2011 16:15,0.85,,United Kingdom
565917,23345, DOLLY GIRL BEAKER,3,9/7/2011 16:15,1.25,,United Kingdom
565918,71459,HANGING JAM JAR T-LIGHT HOLDERS,12,9/7/2011 16:27,0.85,13249.0,United Kingdom
565918,23148,MINIATURE ANTIQUE ROSE HOOK IVORY,12,9/7/2011 16:27,0.83,13249.0,United Kingdom
565918,23408,PHOTO FRAME LINEN AND LACE SMALL,6,9/7/2011 16:27,2.08,13249.0,United Kingdom
565918,48187,DOORMAT NEW ENGLAND,1,9/7/2011 16:27,8.25,13249.0,United Kingdom
565918,20685,DOORMAT RED RETROSPOT,1,9/7/2011 16:27,8.25,13249.0,United Kingdom
565918,48184,DOORMAT ENGLISH ROSE ,1,9/7/2011 16:27,8.25,13249.0,United Kingdom
565918,48194,DOORMAT HEARTS,1,9/7/2011 16:27,8.25,13249.0,United Kingdom
565918,21741,COSY SLIPPER SHOES LARGE GREEN,3,9/7/2011 16:27,2.95,13249.0,United Kingdom
565918,22445,PENCIL CASE LIFE IS BEAUTIFUL,2,9/7/2011 16:27,2.95,13249.0,United Kingdom
565918,23427,STOOL HOME SWEET HOME ,1,9/7/2011 16:27,12.5,13249.0,United Kingdom
565918,23401,RUSTIC MIRROR WITH LACE HEART,1,9/7/2011 16:27,6.25,13249.0,United Kingdom
565918,21892,TRADITIONAL WOODEN CATCH CUP GAME ,1,9/7/2011 16:27,1.25,13249.0,United Kingdom
565918,21794,CLASSIC FRENCH STYLE BASKET NATURAL,2,9/7/2011 16:27,3.95,13249.0,United Kingdom
565918,21114,LAVENDER SCENTED FABRIC HEART,5,9/7/2011 16:27,1.25,13249.0,United Kingdom
565918,22269,EGG CUP NATURAL CHICKEN,3,9/7/2011 16:27,0.39,13249.0,United Kingdom
565918,22268,DECORATION SITTING BUNNY,3,9/7/2011 16:27,0.19,13249.0,United Kingdom
565918,21890,S/6 WOODEN SKITTLES IN COTTON BAG,1,9/7/2011 16:27,3.25,13249.0,United Kingdom
565918,21891,TRADITIONAL WOODEN SKIPPING ROPE,1,9/7/2011 16:27,1.45,13249.0,United Kingdom
565918,21391,FRENCH LAVENDER SCENT HEART,9,9/7/2011 16:27,0.75,13249.0,United Kingdom
565919,21080,SET/20 RED RETROSPOT PAPER NAPKINS ,1,9/7/2011 16:48,1.63,,United Kingdom
565919,21086,SET/6 RED SPOTTY PAPER CUPS,3,9/7/2011 16:48,1.63,,United Kingdom
565919,21094,SET/6 RED SPOTTY PAPER PLATES,1,9/7/2011 16:48,0.83,,United Kingdom
565919,21109,LARGE CAKE TOWEL CHOCOLATE SPOTS,1,9/7/2011 16:48,13.29,,United Kingdom
565919,21110,LARGE CAKE TOWEL PINK SPOTS,8,9/7/2011 16:48,1.95,,United Kingdom
565919,21111,"SWISS ROLL TOWEL, CHOCOLATE  SPOTS",1,9/7/2011 16:48,5.79,,United Kingdom
565919,21112,SWISS ROLL TOWEL PINK  SPOTS,1,9/7/2011 16:48,5.79,,United Kingdom
565919,21123,SET/10 IVORY POLKADOT PARTY CANDLES,1,9/7/2011 16:48,0.83,,United Kingdom
565919,21126,SET OF 6 GIRLS CELEBRATION CANDLES,1,9/7/2011 16:48,1.25,,United Kingdom
565919,21154,RED RETROSPOT OVEN GLOVE ,1,9/7/2011 16:48,2.46,,United Kingdom
565919,21155,RED RETROSPOT PEG BAG,2,9/7/2011 16:48,4.96,,United Kingdom
565919,21213,PACK OF 72 SKULL CAKE CASES,1,9/7/2011 16:48,1.25,,United Kingdom
565919,21218,RED SPOTTY BISCUIT TIN,1,9/7/2011 16:48,8.29,,United Kingdom
565919,21232,STRAWBERRY CERAMIC TRINKET BOX,1,9/7/2011 16:48,2.46,,United Kingdom
565919,21240,BLUE POLKADOT CUP,6,9/7/2011 16:48,1.63,,United Kingdom
565919,21258,VICTORIAN SEWING BOX LARGE,1,9/7/2011 16:48,24.96,,United Kingdom
565919,21262,WHITE GOOSE FEATHER CHRISTMAS TREE ,8,9/7/2011 16:48,7.46,,United Kingdom
565919,21314,SMALL GLASS HEART TRINKET POT,1,9/7/2011 16:48,4.13,,United Kingdom
565919,21326,AGED GLASS SILVER T-LIGHT HOLDER,48,9/7/2011 16:48,1.63,,United Kingdom
565919,21328,BALLOONS  WRITING SET ,1,9/7/2011 16:48,3.29,,United Kingdom
565919,21356,TOAST ITS - FAIRY FLOWER,3,9/7/2011 16:48,0.83,,United Kingdom
565919,21358,TOAST ITS - HAPPY BIRTHDAY,1,9/7/2011 16:48,0.83,,United Kingdom
565919,21380,WOODEN HAPPY BIRTHDAY GARLAND,2,9/7/2011 16:48,5.79,,United Kingdom
565919,21385,IVORY HANGING DECORATION  HEART,2,9/7/2011 16:48,1.63,,United Kingdom
565919,21507,ELEPHANT BIRTHDAY CARD ,1,9/7/2011 16:48,0.83,,United Kingdom
565919,21508,VINTAGE KID DOLLY CARD ,1,9/7/2011 16:48,0.83,,United Kingdom
565919,21509,COWBOYS AND INDIANS BIRTHDAY CARD ,1,9/7/2011 16:48,0.83,,United Kingdom
565919,21544,SKULLS  WATER TRANSFER TATTOOS ,1,9/7/2011 16:48,1.63,,United Kingdom
565919,21629,SQUARE FLOOR CUSHION VINTAGE RED,1,9/7/2011 16:48,15.79,,United Kingdom
565919,21679,SKULLS  STICKERS,1,9/7/2011 16:48,1.63,,United Kingdom
565919,21739,COSY SLIPPER SHOES SMALL GREEN,2,9/7/2011 16:48,2.46,,United Kingdom
565919,21746,SMALL RED RETROSPOT WINDMILL,3,9/7/2011 16:48,2.46,,United Kingdom
565919,21788,KIDS RAIN MAC BLUE,11,9/7/2011 16:48,1.63,,United Kingdom
565919,21789,KIDS RAIN MAC PINK,5,9/7/2011 16:48,1.63,,United Kingdom
565919,21871,SAVE THE PLANET MUG,1,9/7/2011 16:48,3.29,,United Kingdom
565919,21877,HOME SWEET HOME MUG,1,9/7/2011 16:48,3.29,,United Kingdom
565919,21892,TRADITIONAL WOODEN CATCH CUP GAME ,2,9/7/2011 16:48,2.46,,United Kingdom
565919,21906,PHARMACIE FIRST AID TIN,1,9/7/2011 16:48,13.29,,United Kingdom
565919,21908,CHOCOLATE THIS WAY METAL SIGN,1,9/7/2011 16:48,4.13,,United Kingdom
565919,21914,BLUE HARMONICA IN BOX ,1,9/7/2011 16:48,2.46,,United Kingdom
565919,21916,SET 12 RETRO WHITE CHALK STICKS,1,9/7/2011 16:48,0.83,,United Kingdom
565919,21917,SET 12 KIDS  WHITE CHALK STICKS,1,9/7/2011 16:48,0.83,,United Kingdom
565919,21931,JUMBO STORAGE BAG SUKI,1,9/7/2011 16:48,4.13,,United Kingdom
565919,21932,SCANDINAVIAN PAISLEY PICNIC BAG,2,9/7/2011 16:48,2.46,,United Kingdom
565919,21933,PINK VINTAGE PAISLEY PICNIC BAG,1,9/7/2011 16:48,2.46,,United Kingdom
565919,21935,SUKI  SHOULDER BAG,4,9/7/2011 16:48,1.63,,United Kingdom
565919,21945,STRAWBERRIES  DESIGN FLANNEL ,1,9/7/2011 16:48,1.63,,United Kingdom
565919,21977,PACK OF 60 PINK PAISLEY CAKE CASES,2,9/7/2011 16:48,1.25,,United Kingdom
565919,21992,VINTAGE PAISLEY STATIONERY SET,2,9/7/2011 16:48,2.46,,United Kingdom
565919,22023,EMPIRE BIRTHDAY CARD,1,9/7/2011 16:48,0.83,,United Kingdom
565919,22024,RAINY LADIES BIRTHDAY CARD,2,9/7/2011 16:48,0.83,,United Kingdom
565919,22027,TEA PARTY BIRTHDAY CARD,1,9/7/2011 16:48,0.83,,United Kingdom
565919,22028,PENNY FARTHING BIRTHDAY CARD,2,9/7/2011 16:48,0.83,,United Kingdom
565919,22029,SPACEBOY BIRTHDAY CARD,2,9/7/2011 16:48,0.83,,United Kingdom
565919,22037,ROBOT BIRTHDAY CARD,3,9/7/2011 16:48,0.83,,United Kingdom
565919,22063,CERAMIC BOWL WITH STRAWBERRY DESIGN,1,9/7/2011 16:48,5.79,,United Kingdom
565919,22083,PAPER CHAIN KIT RETROSPOT,3,9/7/2011 16:48,5.79,,United Kingdom
565919,22090,PAPER BUNTING RETROSPOT,2,9/7/2011 16:48,5.79,,United Kingdom
565919,22111,SCOTTIE DOG HOT WATER BOTTLE,2,9/7/2011 16:48,10.79,,United Kingdom
565919,22117,METAL SIGN HER DINNER IS SERVED ,2,9/7/2011 16:48,5.79,,United Kingdom
565919,22129,PARTY CONES CANDY DECORATION,1,9/7/2011 16:48,2.46,,United Kingdom
565919,22131,FOOD CONTAINER SET 3 LOVE HEART ,2,9/7/2011 16:48,4.13,,United Kingdom
565919,22134,MINI LADLE LOVE HEART RED ,1,9/7/2011 16:48,0.83,,United Kingdom
565919,22165,"DIAMANTE HEART SHAPED WALL MIRROR, ",1,9/7/2011 16:48,10.79,,United Kingdom
565919,22195,LARGE HEART MEASURING SPOONS,1,9/7/2011 16:48,3.29,,United Kingdom
565919,22196,SMALL HEART MEASURING SPOONS,1,9/7/2011 16:48,1.63,,United Kingdom
565919,22212,FOUR HOOK  WHITE LOVEBIRDS,1,9/7/2011 16:48,4.13,,United Kingdom
565919,22250,DECORATION  BUTTERFLY  MAGIC GARDEN,1,9/7/2011 16:48,1.63,,United Kingdom
565919,22256,FELT FARM ANIMAL CHICKEN,1,9/7/2011 16:48,2.46,,United Kingdom
565919,22297,HEART IVORY TRELLIS SMALL,1,9/7/2011 16:48,2.46,,United Kingdom
565919,22311,OFFICE MUG WARMER BLACK+SILVER ,1,9/7/2011 16:48,5.79,,United Kingdom
565919,22341,LOVE GARLAND PAINTED ZINC ,1,9/7/2011 16:48,3.29,,United Kingdom
565919,22352,LUNCH BOX WITH CUTLERY RETROSPOT ,1,9/7/2011 16:48,4.96,,United Kingdom
565919,22355,CHARLOTTE BAG SUKI DESIGN,1,9/7/2011 16:48,1.63,,United Kingdom
565919,22359,GLASS JAR KINGS CHOICE,1,9/7/2011 16:48,5.79,,United Kingdom
565919,22364,GLASS JAR DIGESTIVE BISCUITS,7,9/7/2011 16:48,5.79,,United Kingdom
565919,22384,LUNCH BAG PINK POLKADOT,1,9/7/2011 16:48,4.13,,United Kingdom
565919,22386,JUMBO BAG PINK POLKADOT,1,9/7/2011 16:48,4.13,,United Kingdom
565919,22405,MONEY BOX POCKET MONEY DESIGN,2,9/7/2011 16:48,2.46,,United Kingdom
565919,22419,LIPSTICK PEN RED,5,9/7/2011 16:48,0.83,,United Kingdom
565919,22420,LIPSTICK PEN BABY PINK,6,9/7/2011 16:48,0.83,,United Kingdom
565919,22421,LIPSTICK PEN FUSCHIA,7,9/7/2011 16:48,0.83,,United Kingdom
565919,22422,TOOTHPASTE TUBE PEN,2,9/7/2011 16:48,1.25,,United Kingdom
565919,22433,WATERING CAN GREEN DINOSAUR,1,9/7/2011 16:48,4.13,,United Kingdom
565919,22441,GROW YOUR OWN BASIL IN ENAMEL MUG,1,9/7/2011 16:48,4.13,,United Kingdom
565919,22446,PIN CUSHION BABUSHKA PINK,1,9/7/2011 16:48,2.46,,United Kingdom
565919,22452,MEASURING TAPE BABUSHKA PINK,2,9/7/2011 16:48,1.63,,United Kingdom
